<?xml version="1.0" encoding="UTF-8"?>
<metadata xml:lang="en"><Esri><CreaDate>20151116</CreaDate><CreaTime>12115300</CreaTime><ArcGISFormat>1.0</ArcGISFormat><ArcGISstyle>North American Profile of ISO19115 2003</ArcGISstyle><SyncOnce>FALSE</SyncOnce><DataProperties><itemProps><itemName Sync="TRUE">Beijing_Lines</itemName><imsContentType Sync="TRUE">002</imsContentType><itemSize Sync="TRUE">0.000</itemSize><itemLocation><linkage Sync="TRUE">file://\\WORK\C$\Users\Eduardo\Documents\ArcGIS\Clipped Files\100 Largest Cities.gdb</linkage><protocol Sync="TRUE">Local Area Network</protocol></itemLocation></itemProps><coordRef><type Sync="TRUE">Projected</type><geogcsn Sync="TRUE">GCS_WGS_1984</geogcsn><csUnits Sync="TRUE">Linear Unit: Meter (1.000000)</csUnits><peXml Sync="TRUE">&lt;ProjectedCoordinateSystem xsi:type='typens:ProjectedCoordinateSystem' xmlns:xsi='http://www.w3.org/2001/XMLSchema-instance' xmlns:xs='http://www.w3.org/2001/XMLSchema' xmlns:typens='http://www.esri.com/schemas/ArcGIS/10.1'&gt;&lt;WKT&gt;PROJCS[&amp;quot;WGS_1984_UTM_Zone_50N&amp;quot;,GEOGCS[&amp;quot;GCS_WGS_1984&amp;quot;,DATUM[&amp;quot;D_WGS_1984&amp;quot;,SPHEROID[&amp;quot;WGS_1984&amp;quot;,6378137.0,298.257223563]],PRIMEM[&amp;quot;Greenwich&amp;quot;,0.0],UNIT[&amp;quot;Degree&amp;quot;,0.0174532925199433]],PROJECTION[&amp;quot;Transverse_Mercator&amp;quot;],PARAMETER[&amp;quot;False_Easting&amp;quot;,500000.0],PARAMETER[&amp;quot;False_Northing&amp;quot;,0.0],PARAMETER[&amp;quot;Central_Meridian&amp;quot;,117.0],PARAMETER[&amp;quot;Scale_Factor&amp;quot;,0.9996],PARAMETER[&amp;quot;Latitude_Of_Origin&amp;quot;,0.0],UNIT[&amp;quot;Meter&amp;quot;,1.0],AUTHORITY[&amp;quot;EPSG&amp;quot;,32650]]&lt;/WKT&gt;&lt;XOrigin&gt;-5120900&lt;/XOrigin&gt;&lt;YOrigin&gt;-9998100&lt;/YOrigin&gt;&lt;XYScale&gt;450445547.3910538&lt;/XYScale&gt;&lt;ZOrigin&gt;-100000&lt;/ZOrigin&gt;&lt;ZScale&gt;10000&lt;/ZScale&gt;&lt;MOrigin&gt;-100000&lt;/MOrigin&gt;&lt;MScale&gt;10000&lt;/MScale&gt;&lt;XYTolerance&gt;0.001&lt;/XYTolerance&gt;&lt;ZTolerance&gt;0.001&lt;/ZTolerance&gt;&lt;MTolerance&gt;0.001&lt;/MTolerance&gt;&lt;HighPrecision&gt;true&lt;/HighPrecision&gt;&lt;WKID&gt;32650&lt;/WKID&gt;&lt;LatestWKID&gt;32650&lt;/LatestWKID&gt;&lt;/ProjectedCoordinateSystem&gt;</peXml><projcsn Sync="TRUE">WGS_1984_UTM_Zone_50N</projcsn></coordRef><lineage><Process ToolSource="c:\program files (x86)\arcgis\desktop10.1\ArcToolbox\Toolboxes\Analysis Tools.tbx\Clip" Date="20150603" Time="151435">Clip roads Beijing_clipped "C:\Users\Eduardo\Documents\ArcGIS\Clipped Files\China\Beijing_roadsclipped.shp" #</Process><Process ToolSource="c:\program files (x86)\arcgis\desktop10.1\ArcToolbox\Toolboxes\Data Management Tools.tbx\Project" Date="20150611" Time="115432">Project Beijing_roadsclipped "C:\Users\Eduardo\Documents\ArcGIS\Clipped Files\China\Beijing_roadsclipped_UTM.shp" PROJCS['WGS_1984_UTM_Zone_50N',GEOGCS['GCS_WGS_1984',DATUM['D_WGS_1984',SPHEROID['WGS_1984',6378137.0,298.257223563]],PRIMEM['Greenwich',0.0],UNIT['Degree',0.0174532925199433]],PROJECTION['Transverse_Mercator'],PARAMETER['False_Easting',500000.0],PARAMETER['False_Northing',0.0],PARAMETER['Central_Meridian',117.0],PARAMETER['Scale_Factor',0.9996],PARAMETER['Latitude_Of_Origin',0.0],UNIT['Meter',1.0]] # GEOGCS['GCS_WGS_1984',DATUM['D_WGS_1984',SPHEROID['WGS_1984',6378137.0,298.257223563]],PRIMEM['Greenwich',0.0],UNIT['Degree',0.0174532925199433]]</Process><Process Name="Select" ToolSource="c:\program files (x86)\arcgis\desktop10.1\ArcToolbox\Toolboxes\Analysis Tools.tbx\Select" Date="20150617" Time="144642">Select Beijing_FINAL "C:\Users\Eduardo\Documents\ArcGIS\Clipped Files\100 Largest Cities.gdb\Select_Input_lines" #</Process><Process Name="Add Class Field" ToolSource="c:\program files (x86)\arcgis\desktop10.1\ArcToolbox\Toolboxes\Data Management Tools.tbx\AddField" Date="20150617" Time="144642">AddField "C:\Users\Eduardo\Documents\ArcGIS\Clipped Files\100 Largest Cities.gdb\Select_Input_lines" Class SHORT # # # # NULLABLE NON_REQUIRED #</Process><Process Name="Calculate Class Field" ToolSource="c:\program files (x86)\arcgis\desktop10.1\ArcToolbox\Toolboxes\Data Management Tools.tbx\CalculateField" Date="20150617" Time="144649">CalculateField "C:\Users\Eduardo\Documents\ArcGIS\Clipped Files\100 Largest Cities.gdb\Select_Input_lines" Class class_calc( !bridge!, !tunnel!) PYTHON_9.3 "def class_calc(bridge, tunnel):\n if bridge == 1 and tunnel==0:\n  return 1\n elif tunnel == 1 and bridge==0:\n  return 2\n elif bridge == 0 and tunnel == 0:\n  return 0\n elif bridge == 1 and tunnel ==1 :\n  return 3"</Process><Process Name="Feature To Line" ToolSource="c:\program files (x86)\arcgis\desktop10.1\ArcToolbox\Toolboxes\Data Management Tools.tbx\FeatureToLine" Date="20150617" Time="144846">FeatureToLine I_Select_Input_lines_Class "C:\Users\Eduardo\Documents\ArcGIS\Clipped Files\100 Largest Cities.gdb\Lines0" # ATTRIBUTES</Process><Process Name="Merge (2)" ToolSource="c:\program files (x86)\arcgis\desktop10.1\ArcToolbox\Toolboxes\Data Management Tools.tbx\Merge" Date="20150617" Time="145252">Merge 'C:\Users\Eduardo\Documents\ArcGIS\Clipped Files\100 Largest Cities.gdb\Lines0';'C:\Users\Eduardo\Documents\ArcGIS\Clipped Files\100 Largest Cities.gdb\Lines1';'C:\Users\Eduardo\Documents\ArcGIS\Clipped Files\100 Largest Cities.gdb\Lines2';'C:\Users\Eduardo\Documents\ArcGIS\Clipped Files\100 Largest Cities.gdb\Lines3' "C:\Users\Eduardo\Documents\ArcGIS\Clipped Files\100 Largest Cities.gdb\Beijing_Lines" "FID_Select_Input_lines "FID_Select_Input_lines" true true false 4 Long 0 0 ,First,#,C:\Users\Eduardo\Documents\ArcGIS\Clipped Files\100 Largest Cities.gdb\Lines0,FID_Select_Input_lines,-1,-1,C:\Users\Eduardo\Documents\ArcGIS\Clipped Files\100 Largest Cities.gdb\Lines1,FID_Select_Input_lines,-1,-1,C:\Users\Eduardo\Documents\ArcGIS\Clipped Files\100 Largest Cities.gdb\Lines2,FID_Select_Input_lines,-1,-1,C:\Users\Eduardo\Documents\ArcGIS\Clipped Files\100 Largest Cities.gdb\Lines3,FID_Select_Input_lines,-1,-1;osm_id "osm_id" true true false 11 Text 0 0 ,First,#,C:\Users\Eduardo\Documents\ArcGIS\Clipped Files\100 Largest Cities.gdb\Lines0,osm_id,-1,-1,C:\Users\Eduardo\Documents\ArcGIS\Clipped Files\100 Largest Cities.gdb\Lines1,osm_id,-1,-1,C:\Users\Eduardo\Documents\ArcGIS\Clipped Files\100 Largest Cities.gdb\Lines2,osm_id,-1,-1,C:\Users\Eduardo\Documents\ArcGIS\Clipped Files\100 Largest Cities.gdb\Lines3,osm_id,-1,-1;name "name" true true false 48 Text 0 0 ,First,#,C:\Users\Eduardo\Documents\ArcGIS\Clipped Files\100 Largest Cities.gdb\Lines0,name,-1,-1,C:\Users\Eduardo\Documents\ArcGIS\Clipped Files\100 Largest Cities.gdb\Lines1,name,-1,-1,C:\Users\Eduardo\Documents\ArcGIS\Clipped Files\100 Largest Cities.gdb\Lines2,name,-1,-1,C:\Users\Eduardo\Documents\ArcGIS\Clipped Files\100 Largest Cities.gdb\Lines3,name,-1,-1;ref "ref" true true false 16 Text 0 0 ,First,#,C:\Users\Eduardo\Documents\ArcGIS\Clipped Files\100 Largest Cities.gdb\Lines0,ref,-1,-1,C:\Users\Eduardo\Documents\ArcGIS\Clipped Files\100 Largest Cities.gdb\Lines1,ref,-1,-1,C:\Users\Eduardo\Documents\ArcGIS\Clipped Files\100 Largest Cities.gdb\Lines2,ref,-1,-1,C:\Users\Eduardo\Documents\ArcGIS\Clipped Files\100 Largest Cities.gdb\Lines3,ref,-1,-1;type "type" true true false 16 Text 0 0 ,First,#,C:\Users\Eduardo\Documents\ArcGIS\Clipped Files\100 Largest Cities.gdb\Lines0,type,-1,-1,C:\Users\Eduardo\Documents\ArcGIS\Clipped Files\100 Largest Cities.gdb\Lines1,type,-1,-1,C:\Users\Eduardo\Documents\ArcGIS\Clipped Files\100 Largest Cities.gdb\Lines2,type,-1,-1,C:\Users\Eduardo\Documents\ArcGIS\Clipped Files\100 Largest Cities.gdb\Lines3,type,-1,-1;oneway "oneway" true true false 2 Short 0 0 ,First,#,C:\Users\Eduardo\Documents\ArcGIS\Clipped Files\100 Largest Cities.gdb\Lines0,oneway,-1,-1,C:\Users\Eduardo\Documents\ArcGIS\Clipped Files\100 Largest Cities.gdb\Lines1,oneway,-1,-1,C:\Users\Eduardo\Documents\ArcGIS\Clipped Files\100 Largest Cities.gdb\Lines2,oneway,-1,-1,C:\Users\Eduardo\Documents\ArcGIS\Clipped Files\100 Largest Cities.gdb\Lines3,oneway,-1,-1;bridge "bridge" true true false 2 Short 0 0 ,First,#,C:\Users\Eduardo\Documents\ArcGIS\Clipped Files\100 Largest Cities.gdb\Lines0,bridge,-1,-1,C:\Users\Eduardo\Documents\ArcGIS\Clipped Files\100 Largest Cities.gdb\Lines1,bridge,-1,-1,C:\Users\Eduardo\Documents\ArcGIS\Clipped Files\100 Largest Cities.gdb\Lines2,bridge,-1,-1,C:\Users\Eduardo\Documents\ArcGIS\Clipped Files\100 Largest Cities.gdb\Lines3,bridge,-1,-1;tunnel "tunnel" true true false 2 Short 0 0 ,First,#,C:\Users\Eduardo\Documents\ArcGIS\Clipped Files\100 Largest Cities.gdb\Lines0,tunnel,-1,-1,C:\Users\Eduardo\Documents\ArcGIS\Clipped Files\100 Largest Cities.gdb\Lines1,tunnel,-1,-1,C:\Users\Eduardo\Documents\ArcGIS\Clipped Files\100 Largest Cities.gdb\Lines2,tunnel,-1,-1,C:\Users\Eduardo\Documents\ArcGIS\Clipped Files\100 Largest Cities.gdb\Lines3,tunnel,-1,-1;maxspeed "maxspeed" true true false 2 Short 0 0 ,First,#,C:\Users\Eduardo\Documents\ArcGIS\Clipped Files\100 Largest Cities.gdb\Lines0,maxspeed,-1,-1,C:\Users\Eduardo\Documents\ArcGIS\Clipped Files\100 Largest Cities.gdb\Lines1,maxspeed,-1,-1,C:\Users\Eduardo\Documents\ArcGIS\Clipped Files\100 Largest Cities.gdb\Lines2,maxspeed,-1,-1,C:\Users\Eduardo\Documents\ArcGIS\Clipped Files\100 Largest Cities.gdb\Lines3,maxspeed,-1,-1;Class "Class" true true false 2 Short 0 0 ,First,#,C:\Users\Eduardo\Documents\ArcGIS\Clipped Files\100 Largest Cities.gdb\Lines0,Class,-1,-1,C:\Users\Eduardo\Documents\ArcGIS\Clipped Files\100 Largest Cities.gdb\Lines1,Class,-1,-1,C:\Users\Eduardo\Documents\ArcGIS\Clipped Files\100 Largest Cities.gdb\Lines2,Class,-1,-1,C:\Users\Eduardo\Documents\ArcGIS\Clipped Files\100 Largest Cities.gdb\Lines3,Class,-1,-1;Shape_Length "Shape_Length" false true true 8 Double 0 0 ,First,#,C:\Users\Eduardo\Documents\ArcGIS\Clipped Files\100 Largest Cities.gdb\Lines0,Shape_Length,-1,-1,C:\Users\Eduardo\Documents\ArcGIS\Clipped Files\100 Largest Cities.gdb\Lines1,Shape_Length,-1,-1,C:\Users\Eduardo\Documents\ArcGIS\Clipped Files\100 Largest Cities.gdb\Lines2,Shape_Length,-1,-1,C:\Users\Eduardo\Documents\ArcGIS\Clipped Files\100 Largest Cities.gdb\Lines3,Shape_Length,-1,-1"</Process></lineage></DataProperties><SyncDate>20150617</SyncDate><SyncTime>14523800</SyncTime><ModDate>20150617</ModDate><ModTime>14523800</ModTime></Esri><dataIdInfo><envirDesc Sync="TRUE">Microsoft Windows 7 Version 6.1 (Build 7601) Service Pack 1; Esri ArcGIS 10.1.1.3143</envirDesc><dataLang><languageCode value="eng" Sync="TRUE"></languageCode><countryCode value="USA" Sync="TRUE"></countryCode></dataLang><idCitation><resTitle Sync="TRUE">Beijing_Lines</resTitle><presForm><PresFormCd value="005" Sync="TRUE"></PresFormCd></presForm></idCitation><spatRpType><SpatRepTypCd value="001" Sync="TRUE"></SpatRepTypCd></spatRpType></dataIdInfo><mdLang><languageCode value="eng" Sync="TRUE"></languageCode><countryCode value="USA" Sync="TRUE"></countryCode></mdLang><mdChar><CharSetCd value="004" Sync="TRUE"></CharSetCd></mdChar><distInfo><distFormat><formatName Sync="TRUE">File Geodatabase Feature Class</formatName></distFormat><distTranOps><transSize Sync="TRUE">0.000</transSize></distTranOps></distInfo><mdHrLv><ScopeCd value="005" Sync="TRUE"></ScopeCd></mdHrLv><mdHrLvName Sync="TRUE">dataset</mdHrLvName><refSysInfo><RefSystem><refSysID><identCode code="32650" Sync="TRUE"></identCode><idCodeSpace Sync="TRUE">EPSG</idCodeSpace><idVersion Sync="TRUE">7.11.2</idVersion></refSysID></RefSystem></refSysInfo><spatRepInfo><VectSpatRep><geometObjs Name="Beijing_Lines"><geoObjTyp><GeoObjTypCd value="002" Sync="TRUE"></GeoObjTypCd></geoObjTyp><geoObjCnt Sync="TRUE">0</geoObjCnt></geometObjs><topLvl><TopoLevCd value="001" Sync="TRUE"></TopoLevCd></topLvl></VectSpatRep></spatRepInfo><spdoinfo><ptvctinf><esriterm Name="Beijing_Lines"><efeatyp Sync="TRUE">Simple</efeatyp><efeageom code="3" Sync="TRUE"></efeageom><esritopo Sync="TRUE">FALSE</esritopo><efeacnt Sync="TRUE">0</efeacnt><spindex Sync="TRUE">TRUE</spindex><linrefer Sync="TRUE">FALSE</linrefer></esriterm></ptvctinf></spdoinfo><eainfo><detailed Name="Beijing_Lines"><enttyp><enttypl Sync="TRUE">Beijing_Lines</enttypl><enttypt Sync="TRUE">Feature Class</enttypt><enttypc Sync="TRUE">0</enttypc></enttyp><attr><attrlabl Sync="TRUE">OBJECTID</attrlabl><attalias Sync="TRUE">OBJECTID</attalias><attrtype Sync="TRUE">OID</attrtype><attwidth Sync="TRUE">4</attwidth><atprecis Sync="TRUE">0</atprecis><attscale Sync="TRUE">0</attscale><attrdef Sync="TRUE">Internal feature number.</attrdef><attrdefs Sync="TRUE">Esri</attrdefs><attrdomv><udom Sync="TRUE">Sequential unique whole numbers that are automatically generated.</udom></attrdomv></attr><attr><attrlabl Sync="TRUE">Shape</attrlabl><attalias Sync="TRUE">Shape</attalias><attrtype Sync="TRUE">Geometry</attrtype><attwidth Sync="TRUE">0</attwidth><atprecis Sync="TRUE">0</atprecis><attscale Sync="TRUE">0</attscale><attrdef Sync="TRUE">Feature geometry.</attrdef><attrdefs Sync="TRUE">Esri</attrdefs><attrdomv><udom Sync="TRUE">Coordinates defining the features.</udom></attrdomv></attr><attr><attrlabl Sync="TRUE">FID_Select_Input_lines</attrlabl><attalias Sync="TRUE">FID_Select_Input_lines</attalias><attrtype Sync="TRUE">Integer</attrtype><attwidth Sync="TRUE">4</attwidth><atprecis Sync="TRUE">0</atprecis><attscale Sync="TRUE">0</attscale></attr><attr><attrlabl Sync="TRUE">osm_id</attrlabl><attalias Sync="TRUE">osm_id</attalias><attrtype Sync="TRUE">String</attrtype><attwidth Sync="TRUE">11</attwidth><atprecis Sync="TRUE">0</atprecis><attscale Sync="TRUE">0</attscale></attr><attr><attrlabl Sync="TRUE">name</attrlabl><attalias Sync="TRUE">name</attalias><attrtype Sync="TRUE">String</attrtype><attwidth Sync="TRUE">48</attwidth><atprecis Sync="TRUE">0</atprecis><attscale Sync="TRUE">0</attscale></attr><attr><attrlabl Sync="TRUE">ref</attrlabl><attalias Sync="TRUE">ref</attalias><attrtype Sync="TRUE">String</attrtype><attwidth Sync="TRUE">16</attwidth><atprecis Sync="TRUE">0</atprecis><attscale Sync="TRUE">0</attscale></attr><attr><attrlabl Sync="TRUE">type</attrlabl><attalias Sync="TRUE">type</attalias><attrtype Sync="TRUE">String</attrtype><attwidth Sync="TRUE">16</attwidth><atprecis Sync="TRUE">0</atprecis><attscale Sync="TRUE">0</attscale></attr><attr><attrlabl Sync="TRUE">oneway</attrlabl><attalias Sync="TRUE">oneway</attalias><attrtype Sync="TRUE">SmallInteger</attrtype><attwidth Sync="TRUE">2</attwidth><atprecis Sync="TRUE">0</atprecis><attscale Sync="TRUE">0</attscale></attr><attr><attrlabl Sync="TRUE">bridge</attrlabl><attalias Sync="TRUE">bridge</attalias><attrtype Sync="TRUE">SmallInteger</attrtype><attwidth Sync="TRUE">2</attwidth><atprecis Sync="TRUE">0</atprecis><attscale Sync="TRUE">0</attscale></attr><attr><attrlabl Sync="TRUE">tunnel</attrlabl><attalias Sync="TRUE">tunnel</attalias><attrtype Sync="TRUE">SmallInteger</attrtype><attwidth Sync="TRUE">2</attwidth><atprecis Sync="TRUE">0</atprecis><attscale Sync="TRUE">0</attscale></attr><attr><attrlabl Sync="TRUE">maxspeed</attrlabl><attalias Sync="TRUE">maxspeed</attalias><attrtype Sync="TRUE">SmallInteger</attrtype><attwidth Sync="TRUE">2</attwidth><atprecis Sync="TRUE">0</atprecis><attscale Sync="TRUE">0</attscale></attr><attr><attrlabl Sync="TRUE">Class</attrlabl><attalias Sync="TRUE">Class</attalias><attrtype Sync="TRUE">SmallInteger</attrtype><attwidth Sync="TRUE">2</attwidth><atprecis Sync="TRUE">0</atprecis><attscale Sync="TRUE">0</attscale></attr><attr><attrlabl Sync="TRUE">Shape_Length</attrlabl><attalias Sync="TRUE">Shape_Length</attalias><attrtype Sync="TRUE">Double</attrtype><attwidth Sync="TRUE">8</attwidth><atprecis Sync="TRUE">0</atprecis><attscale Sync="TRUE">0</attscale><attrdef Sync="TRUE">Length of feature in internal units.</attrdef><attrdefs Sync="TRUE">Esri</attrdefs><attrdomv><udom Sync="TRUE">Positive real numbers that are automatically generated.</udom></attrdomv></attr></detailed></eainfo><mdDateSt Sync="TRUE">20150617</mdDateSt></metadata>
